,Model,MAE Score,R2 Score
0,Ensemble,2664.851034068777,0.8760686333901815
