,Model,MAE Score,R2 Score
0,Linear Regression,4181.1943359375,0.7835929900543285
1,Random Forest Regression,2584.1467467373523,0.8616018331059396
2,Neural Network,3037.9150390625,0.8549584066172718
